variant,seed,train_acc,test_acc,final_spatial_jepa_loss,final_temporal_jepa_loss,training_time_sec,class_0_acc,class_1_acc,class_2_acc,class_3_acc
Untrained,42,0.4625,0.4825,21.570804767898018,20.89540976652196,74.11938333511353,0.47,0.6,0.19,0.67
Untrained,43,0.41125,0.3925,20.812407378543192,19.113810689789965,74.46898221969604,0.32,0.48,0.1,0.67
Untrained,44,0.3325,0.345,20.463534618788024,19.410498523356758,74.53418111801147,0.61,0.04,0.03,0.7
Untrained,45,0.42625,0.43,20.03622114502604,18.37686129169336,74.37477040290833,0.47,0.52,0.08,0.65
Untrained,46,0.5075,0.4925,19.81981840585729,18.87295817606716,80.76674342155457,0.59,0.48,0.13,0.77
P3-C,42,0.445,0.4425,16.044501888403197,8.611792081639633,94.24634504318237,0.61,0.19,0.28,0.69
P3-C,43,0.46,0.4375,15.67522679964631,8.549540662250072,94.90777659416199,0.66,0.27,0.18,0.64
